{
    "color_intrinsics": [
        919.3185424804688,
        918.8935546875,
        655.931396484375,
        349.43896484375
    ],
    "depth_intrinsics": [
        382.23663330078125,
        382.23663330078125,
        318.3631591796875,
        240.99899291992188
    ],
    "extrinsics": [
        [
            0.9999552965164185,
            -0.007225946523249149,
            -0.006095355376601219,
            0.014906024560332298
        ],
        [
            0.007238045800477266,
            0.999971866607666,
            0.0019652596674859524,
            0.00018075006664730608
        ],
        [
            0.006080983206629753,
            -0.0020092902705073357,
            0.9999794960021973,
            -0.00017735124856699258
        ],
        [
            0.0,
            0.0,
            0.0,
            1.0
        ]
    ],
    "depth_scale": 0.0001
}